Title,Upload_date,Views
MOVING OUT TO A DIFFERENT COUNTRY AT 20 YEARS OLD,2 days ago,2100
A Weekend In Miami With Gymshark,1 month ago,4500
Full Day Of Eating In A Foreign Country,2 months ago,3700
A Day In My Dream Life,2 months ago,4700
YACHT PARTY IN COSTA RICA,2 months ago,7000
Solo Trip To Costa Rica With No Plan,2 months ago,5800
CANT STOP WINNING,4 months ago,3400
SHOULDER  ARM WORKOUT FOR GROWTH  GYMSHARK BIGGEST SALE TRY ON HAUL,4 months ago,2600
MY FIRST BODYBUILDING SHOW AS A COACH,4 months ago,2500
MY EXACT BACK WORKOUT,5 months ago,3000
GROCERY HAUL  24 HOUR ROAD TRIP,5 months ago,5700
48 HOURS IN NYC WITH GYMSHARK,6 months ago,5000
VISITING MY NEW SPONSORS HQ,7 months ago,5100
EXPLORING THE MAP,7 months ago,5000
Hungry for life,7 months ago,7000
THE BEST THINGS IN LIFE ARE FREE,8 months ago,7600
Getting lost in a foreign country alone,8 months ago,9100
TRAVELLING ACROSS THE WORLD ALONE WITH NO PLAN,8 months ago,18000
Move With Intent,9 months ago,17000
The Best Pre Workout Meal,9 months ago,13000
BACK DAY  CHEAT MEAL,9 months ago,12000
What I eat daily to achieve aesthetics,10 months ago,15000
I really enjoy working out,10 months ago,9800
TURNING PASSION INTO PROFIT,10 months ago,6300
Building my back and brand,10 months ago,12000
Watch this video before you take PEDs,10 months ago,10000
How I Spent My Birthday,10 months ago,10000
Executing A Two Man,11 months ago,8400
How to achieve facial aesthetics,11 months ago,11000
What Its Like Being A Self Employed Teenager,11 months ago,7300
How To Develop Classic Physique Legs,11 months ago,7700
Taking the risk to Tampa,11 months ago,9400
MUSCLE BEACH,1 year ago,9700
24 HOURS IN MIAMI WITH GYMSHARK,1 year ago,14000
MY FIRST GYMSHARK EVENT IN LA,1 year ago,11000
WINNING MY FIRST NATURAL BODYBUILDING SHOW AT 19 YEARS OLD,1 year ago,12000
3 WEEKS OUT BACK DAY,1 year ago,11000
Casual aesthetics  6 weeks out,1 year ago,8100
Building classic legs  7 weeks out,1 year ago,8400
SIGNING WITH GYMSHARK  10 WEEKS OUT PREP UPDATE,1 year ago,6200
530LBS DEADLIFT PR  CHEST WORKOUT,2 years ago,7200
THE START OF MY BODYBUILDING JOURNEY,2 years ago,7300
Late night chest sesh,2 years ago,6200
why i took a break from squatting,2 years ago,5600
Deadlifts n Donuts,2 years ago,4000
BACK DAY  HOW TO GROW YOUR SOCIAL MEDIA,2 years ago,7400
DEADLIFTS AND QA  MY SARMS EXPERIENCE,2 years ago,9100
GROWING,2 years ago,8000
AESTHETICS 101,2 years ago,10000
